


--
-- Name: scod_cotizacion; Type: SEQUENCE SET; Schema: public; Owner: david
--

SELECT pg_catalog.setval('scod_cotizacion', 2, true);


--
-- Name: scod_orden; Type: SEQUENCE SET; Schema: public; Owner: david
--

SELECT pg_catalog.setval('scod_orden', 6, true);


--
-- Name: scod_repuesto; Type: SEQUENCE SET; Schema: public; Owner: david
--

SELECT pg_catalog.setval('scod_repuesto', 23, true);


--
-- Name: scod_sede; Type: SEQUENCE SET; Schema: public; Owner: david
--

SELECT pg_catalog.setval('scod_sede', 2, true);


--
-- Name: scod_venta; Type: SEQUENCE SET; Schema: public; Owner: david
--

SELECT pg_catalog.setval('scod_venta', 16, true);


--
-- Data for Name: sedes; Type: TABLE DATA; Schema: public; Owner: david
--

COPY sedes (cod_sede, nombre, direccion, telefono, ciudad, cedula_gerente) FROM stdin;
1	sede principal	univalle melendez	5553444	Cali	1112475447
2	sede yumbo	calle 23 # 33-2 yumbo	0320592	yumbo	222
\.


--
-- Data for Name: vehiculos; Type: TABLE DATA; Schema: public; Owner: david
--

COPY vehiculos (chasis, modelo, precio, color, placa, marca, estado, cod_sede) FROM stdin;
1	2000	10000000	azul	44000	mazda	VENDIDO	1
2	2000	10000000	azul	55000	mazda	VENDIDO	1
3	2000	10000000	azul	00770	mazda	VENDIDO	1
4	2000	10000000	azul	08700	mazda	VENDIDO	1
5	2000	10000000	azul	00870	mazda	VENDIDO	1
6	2000	10000000	azul	07700	mazda	VENDIDO	1
7	2000	10000000	azul	0500	mazda	VENDIDO	1
8	2000	10000000	azul	0700	mazda	VENDIDO	1
9	2000	10000000	azul	0040	mazda	VENDIDO	1
10	2000	10000000	azul	0070	mazda	VENDIDO	1
11	2000	10000000	azul	023200	mazda	VENDIDO	1
12	2000	10000000	azul	02200	mazda	VENDIDO	1
13	2000	10000000	azul	03200	mazda	VENDIDO	1
14	2000	10000000	azul	2000	mazda	VENDIDO	1
15	2000	10000000	azul	002310	mazda	VENDIDO	1
16	2000	10000000	azul	041200	mazda	VENDIDO	1
17	2000	10000000	azul	02300	mazda	VENDIDO	1
18	2000	10000000	azul	01300	mazda	VENDIDO	1
12345	2000	10000000	rojo	nuevo	mazda	DISPONIBLE	2
12777	2000	10000000	rojo	nuevo	mazda	DISPONIBLE	2
19	2000	10000000	azul	-	mazda	VENDIDO	1
20	2000	10000000	azul	-	mazda	VENDIDO	1
21	2000	10000000	azul	-	mazda	VENDIDO	1
22	2000	10000000	azul	OLI-098	mazda	VENDIDO	1
888	2000	10000000	azul	HOL-222	mazda	VENDIDO	2
5466564	2010	100000000	amarillo	nuevo	ford	DISPONIBLE	1
132089	2015	120000000	blanco	nuevo	toyota	DISPONIBLE	2
312141	2016	60000000	blanco	JJJ-890	audi	VENDIDO	1
809643	2014	80000000	negro	-	bmw	VENDIDO	1
123312	2014	70000000	amarillo	-	ssangyong	VENDIDO	1
3222	2000	10000000	rojo	SSS-567	mazda	VENDIDO	2
3424320	2015	200000000	rojo	AAA-000	bmw	DISPONIBLE	1
686832	2012	55000000	azul	EWQ-098	hyundai	VENDIDO	1
\.




--
-- Data for Name: empleados; Type: TABLE DATA; Schema: public; Owner: david
--

COPY empleados (cedula, nombre, telefono, direccion, email, estado, perfil, usuario, contrasena, fecha_ingreso, cod_sede) FROM stdin;
1112475447	DAVID RAMIREZ	5559012	Av 9Oe 16N 32	davidramirez@abc.com.co	ACTIVO	GERENTE	dacer	hiO96YgJSeTbk/57ZeEztw==	2008-12-31	2
222	IVAN VIVEROS	4444444	Cll 70 2AN 31	ivanviveros@abc.com.co	ACTIVO	GERENTE	123	GBuXUwPkgpA=	2011-12-01	1
333	JOSE LIBREROS	4444444	Cll 70 2AN 31	joselibreros@abc.com.co	INACTIVO	JEFE TALLER	1234	ou2Dj7mjRfM=	2011-12-01	1
19212222	MANUEL MANRIQUE	4444254	Cll 40 2AN 31	fake2@abc.com.co	ACTIVO	VENDEDOR	manuel	ou2Dj7mjRfM=	2011-12-01	1
19211111	IVAN GARCIA	3334454	Cll 24 2AN 31	fake33@abc.com.co	ACTIVO	VENDEDOR	ivan	ou2Dj7mjRfM=	2011-12-01	1
19216331	FELIPE TELLO	2244454	Cll 7 2AN 31	fake333@abc.com.co	ACTIVO	VENDEDOR	felipe	ou2Dj7mjRfM=	2011-12-01	1
10919452	BOBBY MURRAY	2082911	47 WAUBESA COURT	bmurray0@si.edu	ACTIVO	JEFE TALLER	bmurray0	GBuXUwPkgpA=	2010-03-28	1
10969653	ANNE BELL	9140489	11 MERCHANT ROAD	abell1@msn.com	INACTIVO	JEFE TALLER	abell1	GBuXUwPkgpA=	2015-06-29	1
10904054	CHRISTINA CARROLL	4376233	9 SUTHERLAND PLACE	ccarroll2@hubpages.com	ACTIVO	VENDEDOR	ccarroll2	GBuXUwPkgpA=	2015-05-04	1
10990599	CRAIG HILL	7949159	7619 FOREST DALE STREET	chill3@google.es	ACTIVO	JEFE TALLER	chill3	GBuXUwPkgpA=	2015-02-09	1
10902063	SHARON WASHINGTON	5494614	66 GALE ROAD	swashington4@360.cn	ACTIVO	VENDEDOR	swashington4	GBuXUwPkgpA=	2016-03-24	1
10999342	LOIS PIERCE	3471238	8 BURNING WOOD PARK	lpierce0@mozilla.org	INACTIVO	VENDEDOR	lpierce0	GBuXUwPkgpA=	2016-04-09	1
10915565	WALTER FOSTER	1895256	93 CORRY PLAZA	wfoster1@51.la	ACTIVO	VENDEDOR	wfoster1	GBuXUwPkgpA=	2016-09-04	1
10924094	DIANA STEVENS	4706605	9072 GRANBY LANE	dstevens2@cnn.com	ACTIVO	VENDEDOR	dstevens2	GBuXUwPkgpA=	2016-11-16	1
10914522	RANDY ROSE	5857655	39 MENOMONIE COURT	rrose3@yale.edu	INACTIVO	VENDEDOR	rrose3	GBuXUwPkgpA=	2012-02-01	1
10912549	RUBY MURRAY	6931000	83243 MANLEY AVENUE	rmurray4@nba.com	INACTIVO	VENDEDOR	rmurray4	GBuXUwPkgpA=	2015-06-20	1
10923430	LILLIAN EDWARDS	2643649	5887 SUTHERLAND PLAZA	ledwards5@ihg.com	INACTIVO	VENDEDOR	ledwards5	GBuXUwPkgpA=	2012-06-27	1
10910976	WANDA SIMPSON	3559218	2615 KINGS COURT	wsimpson6@yellowbook.com	ACTIVO	VENDEDOR	wsimpson6	GBuXUwPkgpA=	2014-12-17	1
10955750	DAVID JACKSON	3022630	5670 MARCY AVENUE	djackson7@joomla.org	ACTIVO	VENDEDOR	djackson7	GBuXUwPkgpA=	2010-04-19	1
10963810	AARON RUIZ	7822412	886 GARRISON DRIVE	aruiz8@weather.com	INACTIVO	VENDEDOR	aruiz8	GBuXUwPkgpA=	2015-01-16	1
10927720	PHILIP ALLEN	7052617	7036 LAWN PARKWAY	pallen9@skyrock.com	ACTIVO	VENDEDOR	pallen9	GBuXUwPkgpA=	2016-02-07	1
10942876	JUAN CHAVEZ	2433007	6 ESCH TERRACE	jchaveza@people.com.cn	ACTIVO	VENDEDOR	jchaveza	GBuXUwPkgpA=	2011-03-12	1
10962077	THERESA KELLY	5476062	65 SUMMERVIEW CIRCLE	tkellyb@amazon.co.uk	INACTIVO	VENDEDOR	tkellyb	GBuXUwPkgpA=	2014-11-04	1
10963623	SARA KELLY	5577264	80 DIVISION PARK	skellyc@eventbrite.com	ACTIVO	VENDEDOR	skellyc	GBuXUwPkgpA=	2012-05-18	1
10917433	ROBERT RICHARDSON	5271558	70 DELLADONNA PARKWAY	rrichardsond@examiner.com	ACTIVO	VENDEDOR	rrichardsond	GBuXUwPkgpA=	2014-02-02	1
10997717	TAMMY CARR	3288247	44414 FORSTER WAY	tcarre@paypal.com	ACTIVO	VENDEDOR	tcarre	GBuXUwPkgpA=	2012-08-10	1
10939659	DANIEL KNIGHT	2030099	1 SHELLEY AVENUE	dknightf@lycos.com	INACTIVO	VENDEDOR	dknightf	GBuXUwPkgpA=	2011-07-08	1
10963525	SAMUEL BELL	6757517	73 GRAEDEL ROAD	sbellg@bluehost.com	INACTIVO	VENDEDOR	sbellg	GBuXUwPkgpA=	2016-06-30	1
10918428	BILLY FIELDS	3874490	63518 DELAWARE PLACE	bfieldsh@amazon.co.jp	ACTIVO	VENDEDOR	bfieldsh	GBuXUwPkgpA=	2013-03-09	1
10983520	VIRGINIA LANE	5799677	4 CREST LINE AVENUE	vlanei@elegantthemes.com	ACTIVO	VENDEDOR	vlanei	GBuXUwPkgpA=	2016-06-01	1
10997900	NICOLE STEWART	9301229	0620 MEMORIAL AVENUE	nstewartj@dion.ne.jp	ACTIVO	VENDEDOR	nstewartj	GBuXUwPkgpA=	2012-02-23	1
10974441	DANIEL RIVERA	6329094	5 UTAH CENTER	driverak@cloudflare.com	INACTIVO	VENDEDOR	driverak	GBuXUwPkgpA=	2013-02-25	1
10994512	GLORIA FOWLER	2020639	108 FULTON TRAIL	gfowlerl@barnesandnoble.com	INACTIVO	VENDEDOR	gfowlerl	GBuXUwPkgpA=	2010-11-10	1
10987740	PATRICK CUNNINGHAM	9519498	031 WARBLER LANE	pcunninghamm@ehow.com	ACTIVO	VENDEDOR	pcunninghamm	GBuXUwPkgpA=	2013-10-18	1
10964346	JUAN REED	9972148	3 KROPF HILL	jreedn@over-blog.com	ACTIVO	VENDEDOR	jreedn	GBuXUwPkgpA=	2016-01-17	1
10975699	KEVIN MORGAN	1849524	6 DAHLE ROAD	kmorgano@github.io	ACTIVO	VENDEDOR	kmorgano	GBuXUwPkgpA=	2012-09-10	1
10936835	JULIE WHITE	6333262	36 MOSINEE CENTER	jwhitep@dedecms.com	ACTIVO	VENDEDOR	jwhitep	GBuXUwPkgpA=	2011-03-18	1
10940458	JOHNNY BANKS	3763524	23 CARPENTER JUNCTION	jbanksq@google.ca	INACTIVO	VENDEDOR	jbanksq	GBuXUwPkgpA=	2014-04-05	1
10926680	ANNA FOWLER	8157997	158 RUSKIN TRAIL	afowlerr@trellian.com	ACTIVO	VENDEDOR	afowlerr	GBuXUwPkgpA=	2012-03-22	1
10944377	PETER BELL	2566276	3854 GERALD WAY	pbells@homestead.com	ACTIVO	VENDEDOR	pbells	GBuXUwPkgpA=	2013-10-06	1
10987157	MARIE CARTER	2776555	69 SOUTHRIDGE COURT	mcartert@mail.ru	INACTIVO	VENDEDOR	mcartert	GBuXUwPkgpA=	2013-12-17	1
10923526	MARTIN HAYES	5224524	1566 SUSAN JUNCTION	mhayesu@answers.com	ACTIVO	VENDEDOR	mhayesu	GBuXUwPkgpA=	2016-07-16	1
10988400	RAYMOND WOODS	1652994	03555 MELODY JUNCTION	rwoodsv@dell.com	ACTIVO	VENDEDOR	rwoodsv	GBuXUwPkgpA=	2013-10-15	1
10904124	TERESA GRAHAM	4145755	45 LUDINGTON JUNCTION	tgrahamw@wikia.com	INACTIVO	VENDEDOR	tgrahamw	GBuXUwPkgpA=	2016-05-20	1
10924170	PHYLLIS SMITH	7910306	59716 RAMSEY CROSSING	psmithx@squidoo.com	ACTIVO	VENDEDOR	psmithx	GBuXUwPkgpA=	2012-08-17	1
10969829	ROY WELCH	5197675	37487 RAVEN WAY	rwelchy@joomla.org	ACTIVO	VENDEDOR	rwelchy	GBuXUwPkgpA=	2014-05-17	1
10999644	LAWRENCE SNYDER	7743977	68463 MOSINEE WAY	lsnyderz@google.ca	ACTIVO	VENDEDOR	lsnyderz	GBuXUwPkgpA=	2011-02-09	1
10912942	MATTHEW CASTILLO	1490394	373 BARBY CIRCLE	mcastillo10@auda.org.au	INACTIVO	VENDEDOR	mcastillo10	GBuXUwPkgpA=	2013-12-20	1
10972983	HAROLD SNYDER	7034724	70144 DRYDEN PARKWAY	hsnyder11@mit.edu	ACTIVO	VENDEDOR	hsnyder11	GBuXUwPkgpA=	2015-03-11	1
10974477	TAMMY HICKS	6729671	9 TWIN PINES POINT	thicks12@techcrunch.com	ACTIVO	VENDEDOR	thicks12	GBuXUwPkgpA=	2010-09-15	1
10910802	LOUISE CHAPMAN	2770741	89 MENDOTA JUNCTION	lchapman13@reverbnation.com	INACTIVO	VENDEDOR	lchapman13	GBuXUwPkgpA=	2012-05-13	1
312009	IVAN CHIEF	CALLE FAKEEE	3423242	fakeee@hot.com	ACTIVO	JEFE TALLER	chi	dt4i2VjojDY=	2016-12-14	1
19216811	JUAN PEREZSA	4444454	CLL 70 2AN 31	fake@abc.com.co	ACTIVO	VENDEDOR	juan	ou2Dj7mjRfM=	2011-12-01	1
\.




--
-- Data for Name: ventas; Type: TABLE DATA; Schema: public; Owner: david
--

COPY ventas (cod_venta, cedula, chasis, fecha, pago, cedula_comprador, nombre_comprador, direccion_comprador, telefono_comprador, correo_electronico_comprador, cod_sede) FROM stdin;
1	222	1	2012-05-01	EFECTIVO	123456	Comprador 1	direccion calle 0	1	correo@cc.edu	2
2	222	2	2012-05-01	EFECTIVO	123456	Comprador 1	direccion calle 0	1	correo1@cc.edu	2
3	222	3	2012-05-01	EFECTIVO	123456	Comprador 1	direccion calle 0	1	correo2@cc.edu	2
4	222	4	2012-05-03	EFECTIVO	123456	Comprador 1	direccion calle 0	1	correo3@cc.edu	1
5	222	5	2012-05-03	EFECTIVO	123456	Comprador 1	direccion calle 0	1	correo4@cc.edu	1
6	222	6	2012-05-04	EFECTIVO	123456	Comprador 1	direccion calle 0	1	correo5@cc.edu	1
7	19211111	19	2016-12-13	EFECTIVO	12345634	PEPITO PAZ	CALLE 4 123	1234567	FAKE@FAKE.COM	1
8	19211111	20	2016-12-13	EFECTIVO	098754321	PEPITO FAKE FAKE	CALLE 14  12-12	8880912	DAC@FAKE.COM	1
9	19211111	21	2016-12-13	EFECTIVO	978897978	DON CHINJAO	CALLE CHIN JAO	1230934	DON@CHINJAO.COM	1
10	19211111	22	2016-12-13	EFECTIVO	674870	AQUINO PEREZ	CALLE CASCAJAL 33	1235689	AQUINO@HOT.COM	1
11	19211111	888	2016-12-13	EFECTIVO	53836789	CHALES XAVIER	MANSION XAVIER	9809809	XMEN@MAGNET.COM	1
15	19211111	3222	2016-11-13	EFECTIVO	31231131	JUAN JUANITO	CALLE PEPO 33 12	4324328	JUNITO@JUAN.COM	1
12	19211111	312141	2016-11-15	EFECTIVO	12389452	JUANTO ALIMAÑANA	VEREDA FLAMENCO 33	12356312	FKE@FAKE.COM	1
13	19211111	809643	2016-11-16	EFECTIVO	646554565	JUAN TOYOTA	CALLE 35-33	4233244	KEKE@HOT.COM	1
14	19211111	123312	2016-11-01	EFECTIVO	87654330	DON PEPO	CALLE 234	1323213	PEPO@P.COM	1
16	19211111	686832	2016-12-14	EFECTIVO	231843678	JUAN	DAS	63636363	DSADA@HOT.COM	1
\.




--
-- Data for Name: cotizaciones; Type: TABLE DATA; Schema: public; Owner: david
--

COPY cotizaciones (cod_cotizacion, cedula, marca, modelo, precio, color, fecha, cedula_cotizante, nombre_cotizante, direccion_cotizante, telefono_cotizante, correo_electronico_cotizante) FROM stdin;
1	19211111	FORD	2010	100000000	AMARILLO	2016-12-13	132132123	JUN CHEMO	CALLE FAKE 123	13231	JUN@CHEMO.COM
2	19211111	HYUNDAI	2012	55000000	AZUL	2016-12-13	54345335	DON COTIZON	CALLE 23-22	90989009	COTI-ZON@HOTMAIL.COM
\.



--
-- Data for Name: ordenes; Type: TABLE DATA; Schema: public; Owner: david
--

COPY ordenes (cod_orden, fecha, valor, cedula, descripcion, placa_vehiculo, nombre_cliente, direccion_cliente, telefono_cliente, cod_sede) FROM stdin;
1	2017-01-01	200000	21212109	CAMBIAR CHUMACERA\nPUERTA\nEXOSTO	JDC-098	Jhon rambo	calle 32#32-12	5559011	1
2	2017-01-02	5000000	76765432	CAMBIARLE EL RADIADOR A ESE TIESTO	NMJ-099	gambito	cale falsa 123	6565653	2
3	2017-02-04	2500000	21331212	CALIBRAR Y ONTAR RESPUESTOS	NPI-069	don chemo	calle falsa 234	5559014	2
4	2016-12-22	80000	32522839	CAMBIAR NEUMATICOS 	CAP-706	falvio ramirez	vereda cascajal casa 35	5559012	1
5	2016-12-30	50000	800112	CAMBIAR NEUMATICOS	SIS-123	jhon doe	calle 32#12-12	0981234	1
6	2016-12-22	90000	100	VAMOS A CAMBIARLE LAS LLANTAS 	AAE-001	pepito perez	cll 34 - 32	5393522	1
\.


--
-- Data for Name: repuestos; Type: TABLE DATA; Schema: public; Owner: david
--

COPY repuestos (cod_repuesto, nombre, precio, cantidad, descripcion, cod_sede) FROM stdin;
16	VOLANTE MERCEDES 22	6000000	3	ES EL VOLANTE DEL MERCEDES 22 MODELO 2015	1
17	PITO LAMBORGGHINI MUCIELAGO	10000000	1	ES EL PITO DE UN LAMBORGHINNI 	2
19	PARABRISAS AUDI 2007	1000000	2	PARABRISAS PARA AUDI MODELOS 2007	2
12	CHUMASERA	25000	19	ES LA CHUMASERA TRASERA DEL MAZDA	1
15	RADIADOR AUDI 221	1200000	7	ES EL RADIADOR DEL AUDI 2016	2
18	SILLA TOYOTA TROOPER 2005	350000	10	SILLA RECLINABLE PAR TOYOTA TROOPER DE LUJO	1
13	PUERTA TRASERA MAZDA 375	185000	17	ES LA PUERTA TRASERA DEL MAZDA\n, NO ENPACAR EN CAJA METALICA\n	1
14	EXOSTO MAZDA 243	80000	37	ES EL EXOTO DE LA SERIA 2015 DE MAZDA	1
22	NEUMATICO MICHELLIN 50LB	29000	96	NEUMATICO DE ALTO RENDIMIENTO 50LB	1
21	NEUMATICOS MICHELLIN 60LB	35000	64	NEUMATICO DE ALTO RENDIMIENTO 	1
23	TORNILLO	3500	20	ES UNN TORNILLO PARA VMW	1
20	LLANTA MICHELIN 60LB	280000	56	LLANTA MICHELIN DE ULTIMA GAMA,\n SE VENDE POR PARES	1
\.


--
-- Data for Name: repuestos_ordenes; Type: TABLE DATA; Schema: public; Owner: david
--

COPY repuestos_ordenes (cod_orden, cod_repuesto, cantidad) FROM stdin;
1	12	1
1	13	1
1	14	1
2	15	1
3	18	2
3	13	2
3	14	2
4	21	4
5	21	2
6	20	4
\.


